the_geom,OBJECTID,LOC,Borough,Street_Nam,From_Stree,To_Street,Index,May07_AM,May07_PM,May07_MD,Sept07_AM,Sept07_PM,Sept07_MD,May08_AM,May08_PM,May08_MD,Sept08_AM,Sept08_PM,Sept08_MD,May09_AM,May09_PM,May09_MD,Sept09_AM,Sept09_PM,Sept09_MD,May10_AM,May10_PM,May10_MD,Sept10_AM,Sept10_PM,Sept10_MD,May11_AM,May11_PM,May11_MD,Sept11_AM,Sept11_PM,Sept11_MD,May12_AM,May12_PM,May12_MD,Sept12_AM,Sept12_PM,Sept12_MD,May13_AM,May13_PM,May13_MD,Sept13_AM,Sept13_PM,Sept13_MD,May14_AM,May14_PM,May14_MD,Sept14_AM,Sept14_PM,Sept14_MD,May15_AM,May15_PM,May15_MD,Sept15_AM,Sept15_PM,Sept15_MD,May16_AM,May16_PM,May16_MD,Sept16_AM,Sept16_PM,Sept16_MD,May17_AM,May17_PM,May17_MD,Sept17_AM,Sept17_PM,Sept17_MD,May18_AM,May18_PM,May18_MD,Sept18_AM,Sept18_PM,Sept18_MD,May19_AM,May19_PM,May19_MD,Oct20_AM,Oct20_PM,Oct20_MD,May21_AM,May21_PM,May21_MD,Oct21_AM,Oct21_PM,Oct21_MD,May22_AM,May22_pM,May22_MD,Oct22_AM,Oct22_PM,Oct22_MD
POINT (-73.90459140730678 40.87919896648575),1,1,Bronx,Broadway,West 231st Street,Naples Terrace,N,1189.0,4094.0,2508.0,734.0,2646.0,2939.0,802.0,4015.0,2631.0,1125.0,4310.0,3420.0,1001,3475,2832,991.0,4262.0,2469.0,1010,3609,3128,863,4119,2217,997,4440,2687,1328,3820,2428,1288,3328,3365,1268,4315,2276,1210,4710,3825,1206,4590,3008,1220,4384,2641,1450,4646,2996,1788,4980,3033,1204,4520,2999,1246,4531,2686,1309,3642,2830,1916,5893,2776,1111,4044,2731,1271,4502,2899,1708,4464,2967,,,,486.0,2843.0,1754.0,630.0,3262.0,1710.0,808.0,2807.0,2230.0,737.0,2343.0,1883.0,745,2637,2241
POINT (-73.87892467324478 40.8812869959873),4,4,Bronx,East Gun Hill Road,Bainbridge Avenue,Rochambeau Avenue,N,764.0,2673.0,1798.0,1360.0,1975.0,872.0,2102.0,3206.0,1989.0,3020.0,3915.0,1662.0,1536,2997,1672,2097.0,3135.0,1591.0,2954,3962,1717,1622,3006,1344,1661,2844,1510,1996,2836,1587,1906,2066,1261,2371,3500,1620,2052,3981,1979,2373,3660,1914,2096,3378,1333,2382,3425,1339,1757,3561,1714,2256,2923,1574,2066,2944,1752,2017,2771,1459,2125,3130,1123,2453,3429,1551,1648,2892,1323,1944,2682,1693,,,,953.0,2063.0,1185.0,946.0,1211.0,1161.0,1503.0,1978.0,689.0,1350.0,2082.0,1063.0,1448,2120,1032
POINT (-73.88956389732787 40.844636776717685),5,5,Bronx,East Tremont Avenue,Prospect Avenue,Clinton Avenue,N,650.0,2538.0,2334.0,1078.0,2739.0,2343.0,553.0,2438.0,1652.0,756.0,3095.0,1374.0,684,2660,2604,912.0,3637.0,2339.0,1075,5823,4085,1012,5785,3758,1093,6119,4274,1049,5859,3934,627,1503,2371,959,3140,2273,1007,4175,2854,760,3488,2805,971,3586,2460,1019,3184,2366,1055,3710,2554,1063,3296,2466,993,3625,2492,1101,3336,2501,980,3700,2526,1082,3330,2479,1016,3781,2565,975,3761,2461,,,,357.0,1997.0,1719.0,444.0,2382.0,1384.0,714.0,2356.0,1502.0,669.0,1508.0,1606.0,774,2084,1611
POINT (-73.92087824799184 40.83015855511036),6,6,Bronx,Grand Concourse,East 164th Street,East 165th Street,Y,489.0,1235.0,835.0,873.0,1457.0,631.0,634.0,1554.0,856.0,771.0,1445.0,744.0,605,1271,539,599.0,1028.0,750.0,597,1426,669,634,1341,738,753,1394,891,802,1396,859,838,1372,1069,936,1743,1059,912,2059,1037,963,1726,973,858,2035,1042,972,1902,1097,839,2023,1059,999,1948,1161,767,1933,1010,982,1971,1165,740,1909,925,962,1872,1199,757,1933,956,1158,1986,686,694.0,1881.0,816.0,511.0,1459.0,689.0,500.0,878.0,586.0,919.0,1416.0,886.0,718.0,1121.0,806.0,684,1175,1146
POINT (-73.86767352599497 40.855588719719556),8,8,Bronx,White Plains Road,Pelham Parkway South,Lydig Avenue,Y,1025.0,4039.0,3991.0,1743.0,4667.0,3309.0,1638.0,4798.0,4858.0,1056.0,3194.0,2489.0,990,3490,3335,1461.0,5090.0,2526.0,1375,4834,3095,1568,4386,2217,1545,4402,2985,1689,3016,2360,1626,3415,3828,1591,5398,3851,1410,4232,3007,1479,4910,4056,1495,5166,2540,1769,4114,2893,1512,4333,3122,1537,4379,3092,1638,5900,2582,1377,4098,2730,1186,4673,3420,2023,5520,3166,1601,5059,3391,1493,4011,2566,1305.0,5007.0,3326.0,728.0,3556.0,2238.0,763.0,4344.0,2204.0,1108.0,3983.0,2891.0,1263.0,4291.0,2491.0,1003,3493,2441
POINT (-74.01119296689038 40.64426682358741),9,9,Brooklyn,5th Avenue,51st Street,52nd Street,Y,856.0,5940.0,4354.0,900.0,5435.0,5081.0,886.0,7054.0,4806.0,1062.0,5072.0,5901.0,914,5730,4619,1364.0,5475.0,4740.0,982,5570,5371,946,5585,4577,1350,7743,6135,1445,8170,4999,1306,3662,4731,1419,4864,6325,1457,6509,6070,1658,6627,5690,1522,7718,6313,1721,7988,6391,1791,7802,6762,1655,7502,6082,1531,7296,6014,1642,8130,5763,1517,7384,5356,1563,4730,5563,1197,4909,4515,1210,4821,4401,652.0,1402.0,1125.0,,,,1677.0,9439.0,5579.0,1221.0,4455.0,4151.0,1167.0,4184.0,3781.0,948,3673,3978
POINT (-73.98067647018506 40.67609353714627),10,10,Brooklyn,5th Avenue,Union Street,President Street,Y,504.0,2207.0,2225.0,422.0,2167.0,1627.0,672.0,2707.0,966.0,487.0,1898.0,2321.0,469,2547,2259,774.0,2310.0,1690.0,582,2274,2808,661,3063,2141,631,2915,2852,591,2848,2307,666,1414,2620,723,3255,2468,688,2764,2554,794,2513,2591,800,3051,3080,955,2390,1962,900,2492,3081,922,2955,2681,941,2751,3131,951,2911,2248,812,2570,2298,905,2463,1679,743,2252,2286,736,2297,2196,849.0,6007.0,4865.0,539.0,1983.0,3144.0,536.0,2564.0,1429.0,713.0,2334.0,2118.0,646.0,2499.0,2503.0,592,2091,2416
POINT (-73.98134205800814 40.66717415129596),11,11,Brooklyn,7th Avenue,9th Street,8th Street,Y,2345.0,4089.0,2519.0,2167.0,3801.0,1917.0,3259.0,4733.0,2682.0,2646.0,3900.0,3110.0,2233,3986,2944,2718.0,4033.0,2212.0,2635,3881,3436,2888,5261,2611,2713,4018,3026,1944,3832,2311,2583,2641,3858,3050,4019,3058,2917,4540,3242,3241,4642,2709,3479,3914,3293,3009,3314,2215,2165,3920,2742,3553,4217,2050,3134,4792,2925,1838,4557,2520,3108,4288,3721,3494,4122,2450,3112,4227,2968,3567,3764,1605,2117.0,4767.0,2966.0,1128.0,2731.0,2452.0,1646.0,3313.0,1747.0,2606.0,3506.0,1935.0,2629.0,4522.0,1986.0,2959,3343,2065
POINT (-74.02728680504437 40.622138829200395),12,12,Brooklyn,86th Street,4th Avenue,5th Avenue,Y,983.0,4193.0,3886.0,1073.0,5202.0,3402.0,1119.0,5128.0,4606.0,1092.0,4946.0,4323.0,1049,4674,4406,1038.0,4032.0,2629.0,1012,4519,4063,1039,4462,3549,1211,5288,4464,1236,6226,4179,1118,3466,6416,1533,5237,4778,1406,5814,5289,1452,5233,5124,1534,5281,4049,1177,5615,3740,1473,6828,5036,1678,5514,4362,1456,4475,5356,1561,6338,5412,1611,6632,4163,1441,5004,3638,1507,5359,3652,1468,5708,3513,1149.0,5605.0,4176.0,741.0,3702.0,3152.0,720.0,3523.0,1547.0,1108.0,3376.0,2391.0,1084.0,3788.0,2375.0,1157,3869,2970
POINT (-73.98983165443038 40.68884781602201),13,13,Brooklyn,Atlantic Avenue,Boerum Place,Smith Street,N,357.0,889.0,836.0,356.0,1063.0,831.0,473.0,1335.0,742.0,411.0,1147.0,984.0,363,1216,865,228.0,902.0,766.0,387,1701,1189,399,1385,967,366,1273,1284,376,1175,1366,397,756,1374,499,1182,1469,442,1637,1402,506,1561,1309,440,1605,1816,518,1497,1340,462,1528,1272,498,1807,962,583,1916,1914,561,1706,1385,553,2253,2134,603,2018,1935,581,2219,2137,598,2133,1466,,,,395.0,1516.0,2084.0,456.0,1626.0,1093.0,544.0,1888.0,1600.0,437.0,1823.0,1640.0,475,1734,2134
POINT (-73.95802234844946 40.717557377707735),14,14,Brooklyn,Bedford Avenue,North 7th Street,North 6th Street,Y,1852.0,4462.0,3432.0,1875.0,3619.0,3254.0,1823.0,4299.0,3526.0,1951.0,4778.0,4048.0,1544,5501,4110,2001.0,5136.0,4045.0,2179,5234,4727,1773,5090,4184,2434,6391,5872,2109,5692,3690,2817,4144,5649,1984,6429,5619,2300,6527,6351,2593,6261,5405,2585,6453,4951,3463,7600,5494,2765,7266,4585,2714,6300,4630,2621,6058,5038,3410,8301,5014,2930,8736,6209,2566,6127,3572,2938,7961,4897,3234,7524,7034,3120.0,8882.0,5323.0,1224.0,4210.0,4297.0,1708.0,4472.0,3315.0,2471.0,5750.0,4804.0,2657.0,7338.0,5603.0,3033,7532,4772
POINT (-73.96276340616195 40.57732714149917),15,15,Brooklyn,Brighton Beach Avenue,Brighton 4th Street,Brighton 5th Street,Y,1204.0,5968.0,5178.0,1215.0,6095.0,5230.0,2002.0,7419.0,7729.0,1828.0,6420.0,5920.0,1411,6106,5935,1537.0,5590.0,6140.0,1332,5744,4994,1489,6080,5098,1427,5859,4093,1608,5520,5463,1183,3189,4868,1447,5272,5747,1515,5960,5442,1424,6068,5397,1596,6037,4804,1752,6397,4453,1368,6314,4918,1687,5859,5431,1471,5257,5266,1531,5930,5092,1791,6544,4502,1575,5315,4827,1566,6064,4686,1048,5788,4451,1262.0,5598.0,4989.0,716.0,4504.0,3670.0,967.0,4644.0,2524.0,1093.0,4087.0,3572.0,1128.0,4587.0,3462.0,1189,4972,4357
POINT (-73.94908133692475 40.650831467717424),16,16,Brooklyn,Church Avenue,Nostrand Avenue,East 31st Street,Y,2105.0,4562.0,1703.0,2267.0,4737.0,2517.0,1681.0,3702.0,2147.0,2290.0,3962.0,2015.0,2086,4620,1971,2045.0,4470.0,1885.0,2040,4764,2533,2265,4908,2894,2309,4858,2628,2151,4220,1927,1268,1113,3157,1966,4452,2540,2557,4871,3267,3074,6095,3235,2453,5196,2016,2792,4516,2768,1925,4137,2528,1680,4884,2375,2084,3832,2282,2024,4229,2040,2441,3888,2533,2213,3864,2368,2102,4744,2435,1958,4422,2258,1710.0,4259.0,2404.0,,,,964.0,2442.0,1735.0,1293.0,3135.0,1987.0,1359.0,3139.0,1838.0,1316,3278,1827
POINT (-73.96573732115321 40.64062739307868),17,17,Brooklyn,Cortelyou Road,Argyle Road,Rugby Road,N,1708.0,2459.0,1233.0,1324.0,2495.0,1431.0,1756.0,1952.0,1317.0,2014.0,2704.0,1961.0,1762,2478,1553,1856.0,2345.0,1533.0,2110,2977,1731,2587,2997,1809,2195,3492,1883,2489,3097,1823,2120,2381,1854,2295,3066,1755,2060,2936,1938,1743,2692,1543,1828,3007,1694,1876,2878,1486,1880,3042,1544,1608,2762,2439,2074,2634,1939,2570,2747,3234,2052,3015,1712,2598,3427,2107,2056,2855,2190,2200,2625,1512,,,,772.0,2072.0,2469.0,1299.0,1798.0,1252.0,2128.0,2336.0,1243.0,1647.0,2731.0,1629.0,2001,2751,1450
POINT (-73.99249336775775 40.68942537824676),18,18,Brooklyn,Court Street,Atlantic Avenue,Pacific Street,Y,1910.0,3716.0,3013.0,1920.0,3508.0,2293.0,1590.0,3486.0,2319.0,1763.0,3553.0,2540.0,1727,4225,2863,1223.0,2992.0,2640.0,1573,4214,2662,1659,4621,3028,2320,4597,3887,2096,3915,4100,1740,2405,3274,1932,4402,3863,1687,5174,3605,1952,5266,3787,1844,4426,4856,2126,4943,4048,1761,4714,7496,1987,5846,3163,2003,5309,4003,2308,4503,3170,2347,5287,4713,2341,5129,3671,2070,4247,3937,1925,3822,3236,1901.0,6108.0,4510.0,1017.0,2672.0,2464.0,1284.0,3320.0,2448.0,1819.0,4359.0,3642.0,1623.0,4256.0,3231.0,1694,3801,3771
POINT (-73.96818725047231 40.67292523719001),19,19,Brooklyn,Eastern Parkway,Plaza Street East,Underhill Avenue,Y,739.0,1572.0,2534.0,543.0,1152.0,1027.0,643.0,1367.0,2999.0,785.0,1274.0,1759.0,629,880,2408,755.0,1496.0,3102.0,577,1647,2951,812,1695,2738,412,1792,4699,525,1094,2670,571,1133,2024,1228,1623,1842,970,2269,4276,752,2010,3458,687,2127,3828,1026,1931,2565,824,1884,2511,995,2042,3333,1037,2601,2078,1161,2381,3082,1217,2749,2205,1424,2276,2670,971,1750,4437,1009,2062,3147,980.0,2047.0,3111.0,585.0,1734.0,2283.0,992.0,2330.0,2385.0,986.0,2816.0,3333.0,1005.0,2667.0,2655.0,0,1912,3730
POINT (-73.9214952312361 40.6089208214552),20,20,Brooklyn,Flatbush Avenue,Avenue U,Avenue V,N,329.0,1770.0,1355.0,276.0,1414.0,1036.0,254.0,1401.0,1473.0,286.0,2034.0,1238.0,251,1243,1251,436.0,1573.0,1398.0,424,1731,1563,214,1155,989,269,1083,1283,184,1079,870,197,1071,1765,347,1554,1757,312,1827,2077,307,1219,2014,325,1618,1919,273,1622,1500,453,1661,1523,317,1420,1254,238,816,1449,372,2698,1487,386,1792,1387,236,999,939,274,1505,1306,320,1361,1159,,,,165.0,1367.0,1252.0,256.0,1431.0,1079.0,302.0,1564.0,1160.0,358.0,1628.0,1337.0,273,1975,1447
POINT (-73.95882184227794 40.65081053674954),21,21,Brooklyn,Flatbush Avenue,Martense Street,Church Avenue,Y,978.0,5240.0,5106.0,917.0,4188.0,3097.0,772.0,3181.0,2023.0,1101.0,5312.0,2351.0,795,5640,1985,1029.0,4897.0,3047.0,1311,4775,2678,1186,4813,4735,837,3982,2197,978,4959,3917,605,482,1855,1011,4044,3530,1068,4481,3463,1046,4091,3695,912,4854,2505,960,3974,2338,858,3832,3665,1001,4588,3058,1280,3936,3960,1037,4115,2642,903,3955,3370,1032,4343,2716,1169,4352,3516,896,3665,3299,1216.0,5613.0,4416.0,479.0,2576.0,2102.0,626.0,2617.0,2052.0,847.0,2680.0,2222.0,703.0,2789.0,2446.0,820,2927,2313
POINT (-73.97390965382397 40.679186993134785),22,22,Brooklyn,Flatbush Avenue,St. Marks Avenue,Prospect Place,N,497.0,1413.0,1478.0,547.0,1095.0,1191.0,477.0,1675.0,1211.0,582.0,1645.0,1204.0,544,1499,1378,539.0,1568.0,1223.0,584,1462,1787,529,1616,1168,566,1794,1568,513,1909,1336,1435,1672,2007,645,1723,1727,527,2083,2233,759,2257,1631,631,1795,1920,729,1660,1583,699,2090,1699,685,2542,1486,714,2244,1524,808,2407,1461,895,2459,1794,882,2678,1380,839,2224,2618,697,2098,2091,,,,498.0,1714.0,1678.0,527.0,1886.0,1236.0,684.0,1872.0,1626.0,621.0,1942.0,1567.0,693,2166,1729
POINT (-73.98588670734839 40.69087186438648),23,23,Brooklyn,Fulton Street,Lawrence Street,Bridge Street,Y,1478.0,12249.0,7411.0,1803.0,14617.0,8643.0,1789.0,15733.0,5051.0,1673.0,9081.0,6790.0,1548,11949,6307,1330.0,11540.0,7892.0,1209,9358,7390,1271,10239,6091,1507,9556,6993,1507,8732,5690,1431,4254,3267,1791,9605,6033,1858,11211,6932,1981,11392,6045,1865,10265,6022,2014,11906,5999,2006,11648,7232,1671,10164,5037,2045,10872,6656,2289,10775,6572,1785,9793,6073,2003,11406,6445,1927,8871,6617,1935,9704,5455,1952.0,11619.0,6514.0,875.0,5336.0,3863.0,956.0,4438.0,4426.0,1424.0,6394.0,5088.0,1200.0,7338.0,4868.0,1415,7814,4465
POINT (-73.94255463338305 40.703408264633794),24,24,Brooklyn,Graham Avenue,Moore Street,Varet Street,Y,864.0,3732.0,2863.0,854.0,3322.0,3785.0,740.0,3066.0,2552.0,793.0,2814.0,3020.0,1025,4689,3161,734.0,3071.0,2370.0,867,2880,2940,885,2710,2807,882,4629,2751,1031,4959,1953,886,2172,607,995,4250,4025,818,4435,4035,905,3921,3626,995,4051,4952,944,4006,3491,742,3493,3812,477,2506,2305,742,3431,3438,855,2526,2459,845,3061,3576,1004,4347,1833,724,3197,3287,788,2669,3261,518.0,3124.0,3233.0,386.0,2440.0,2398.0,407.0,2335.0,2102.0,614.0,2333.0,2315.0,500.0,2373.0,2238.0,446,1911,2085
POINT (-73.9446668043415 40.71156922033028),25,25,Brooklyn,Grand Street,Manhattan Avenue,Graham Avenue,N,401.0,1772.0,1305.0,918.0,3090.0,1893.0,359.0,1063.0,729.0,488.0,1106.0,1392.0,316,980,817,365.0,1468.0,1303.0,495,1563,1326,593,1446,1304,316,1433,1228,554,2174,1199,465,829,1352,411,1249,1117,479,1596,1655,526,1571,1280,632,1857,1680,573,1537,1363,487,1446,1233,725,2294,1193,665,2094,1235,746,2573,1146,790,2787,965,606,2013,1029,357,1373,1310,433,1086,1301,,,,192.0,924.0,823.0,336.0,1321.0,927.0,494.0,1377.0,899.0,392.0,1320.0,907.0,372,1130,1005
POINT (-73.98727479290567 40.69272414021879),26,26,Brooklyn,Jay Street,Willoughby Street,Metrotech Walk,Y,1946.0,3552.0,3066.0,3280.0,6321.0,1478.0,2636.0,5102.0,1024.0,2770.0,4956.0,1435.0,2519,5538,1383,2856.0,3665.0,962.0,3201,8284,2572,2384,3781,1496,2259,3458,1530,3240,4962,1756,2850,3362,2432,4210,7426,2605,3758,6695,2367,3960,6873,1852,2846,5959,2379,2439,4358,1863,4151,6908,2361,2212,4245,895,2556,4267,1582,3598,5068,2635,3166,6533,2455,4338,7010,2353,2994,5323,2562,3887,5466,2025,3212.0,5886.0,1765.0,1028.0,1808.0,860.0,,,,,,,,,,ND,ND,ND
POINT (-73.95959352755617 40.608201460936),27,27,Brooklyn,Kings Highway,East 13th Street,East 14th Street,N,1368.0,4727.0,2866.0,887.0,3524.0,2125.0,1382.0,4287.0,2699.0,1541.0,5990.0,3059.0,1156,5009,3390,1766.0,5651.0,3174.0,1507,5041,2966,1479,5117,2562,1980,5447,2886,2126,5995,3610,1476,3426,1996,1744,5673,2766,1552,5581,2585,2397,6054,3471,1512,4987,2657,1636,5081,2890,1653,4708,2592,1417,4755,2543,1718,4984,2680,1707,4512,2387,1908,5716,2655,1903,5017,2548,1981,5591,2649,2230,5364,2967,,,,,,,1266.0,3716.0,2007.0,1503.0,3436.0,2112.0,1589.0,4350.0,2174.0,1589,4749,2600
POINT (-73.99336426671383 40.694534861508515),28,28,Brooklyn,Montague Street,Henry Street,Clinton Street,Y,1476.0,4567.0,2914.0,1438.0,4231.0,2842.0,1363.0,4318.0,2863.0,1547.0,3762.0,3672.0,1202,4089,3078,1249.0,3849.0,2520.0,1393,3896,3660,1365,5372,2802,1374,5441,3659,1595,4564,3754,1496,2920,3453,1482,4532,4419,1251,4861,3189,1247,3998,2795,1389,4766,2946,1235,3737,2920,1404,4932,3042,1501,4284,2182,1283,4017,3510,1577,3695,2156,1541,3588,3232,1519,4121,3219,1572,3732,3240,1563,3838,2738,1508.0,4199.0,3330.0,800.0,2190.0,1901.0,987.0,2228.0,1916.0,1103.0,2685.0,2085.0,1155.0,2488.0,2471.0,846,2705,2548
POINT (-73.96931991427776 40.693114646759874),29,29,Brooklyn,Myrtle Avenue,Vanderbilt Avenue,Clinton Avenue,N,,,,1129.0,1818.0,1182.0,735.0,1131.0,856.0,,,,622,1689,1135,609.0,1272.0,1122.0,660,1565,1237,955,1315,1366,1055,2432,1329,1073,2129,1228,601,1363,1764,1040,2223,1705,1182,2214,1843,1380,2585,1717,1090,3713,1457,812,1561,2025,1271,2267,1456,1453,2657,1568,1099,2481,1694,1419,2089,1621,1034,1719,2095,1495,2636,1860,1392,2237,2052,1249,2296,1724,,,,540.0,1775.0,1466.0,649.0,1544.0,1356.0,1033.0,1997.0,1527.0,996.0,1853.0,1625.0,830,1688,1484
POINT (-73.91307856842978 40.66933456193011),31,31,Brooklyn,Pitkin Avenue,Bristol Street,Hopkinson Avenue,Y,572.0,3355.0,2720.0,686.0,3312.0,3131.0,546.0,3372.0,3254.0,658.0,2555.0,2584.0,601,3753,1628,664.0,3174.0,2270.0,669,4368,3276,980,2255,2530,666,3112,2657,518,1647,1230,627,2010,2518,840,3388,2534,744,3365,2631,1791,3873,2863,672,2262,1622,757,2441,1922,938,2343,2222,701,2147,2251,636,2763,2358,844,2852,3258,562,2708,2244,807,2445,2582,584,2856,2020,594,2537,2240,485.0,3071.0,2744.0,292.0,2329.0,1805.0,230.0,2030.0,1765.0,573.0,2190.0,2281.0,528.0,2312.0,2085.0,454,1588,1714
POINT (-73.95475091689498 40.58754340485192),32,32,Brooklyn,Sheepshead Bay Road,East 14th Street,East 15th Street,Y,1580.0,2215.0,1785.0,1205.0,2953.0,1848.0,1579.0,3289.0,1781.0,1546.0,3624.0,2003.0,1582,3094,1967,1676.0,3513.0,1448.0,1614,3663,1784,1654,2423,1327,1554,3453,1893,1932,3776,1395,1881,2229,1706,1729,3396,1825,1541,2855,1271,1618,3041,1557,1418,2627,1366,1543,2706,1381,1576,3211,1220,1625,2555,1497,1845,2841,1365,1927,2664,1240,1849,2820,1374,1758,2840,1248,1730,2904,1449,1724,2663,938,1514.0,2644.0,1430.0,691.0,1952.0,1103.0,770.0,1791.0,953.0,1071.0,2210.0,998.0,1168.0,2544.0,1280.0,1270,2461,1365
POINT (-73.98960330219742 40.70286152715002),34,34,Brooklyn,Washington Street,Front Street,Water Street,N,546.0,1387.0,851.0,556.0,1550.0,826.0,544.0,1476.0,1390.0,549.0,1976.0,833.0,1181,995,1264,977.0,1188.0,1170.0,525,1892,1576,466,2048,809,558,2508,1232,732,1972,1469,604,1557,1002,257,1371,1406,742,3009,1408,849,2156,1547,737,3362,1691,780,3184,1349,487,1799,1588,750,3243,1877,930,3784,2763,838,2929,2517,874,3978,2340,986,3996,2905,1098,3574,3408,1137,4018,2936,,,,322.0,938.0,1471.0,481.0,1170.0,2195.0,632.0,2631.0,2440.0,875.0,3784.0,4173.0,1052,4281,6327
POINT (-74.01155687409947 40.704636651873756),35,35,Manhattan,Broad Street,Beaver Street,South William Street,Y,3469.0,3992.0,599.0,4214.0,12879.0,8077.0,4231.0,7042.0,1157.0,3906.0,7307.0,1171.0,4745,5954,1112,2421.0,6724.0,1030.0,3696,5944,737,4013,6014,922,3879,6839,853,4254,5989,1681,4495,4437,1175,4302,6257,1341,2865,4874,1273,3758,5843,1466,3666,5845,1149,3383,5154,954,4177,6445,993,4622,7161,1411,4632,7093,1580,4041,5893,1880,3522,6747,1715,4924,8303,2036,4374,6603,1756,4131,6471,2010,4100.0,7302.0,1669.0,707.0,1248.0,570.0,1158.0,2577.0,1168.0,1736.0,2711.0,1279.0,2143.0,4002.0,1470.0,2134,3643,1531
POINT (-74.01286204592034 40.70634164448271),36,36,Manhattan,Broadway,Morris Street,Exchange Place,Y,3660.0,8390.0,2361.0,4507.0,15554.0,12748.0,3110.0,7880.0,4098.0,4483.0,11912.0,3528.0,3085,7169,5281,5206.0,12034.0,6513.0,4896,11032,3907,4644,10890,6569,4357,9628,4097,3838,10699,6962,5462,9308,5350,5021,12183,6297,4964,12371,6990,5121,11809,7564,5744,12666,7947,5732,16251,4691,5416,14507,8321,3935,13111,7254,5079,11126,7116,3791,10156,7720,6274,14040,9265,7798,12650,8126,5221,19725,6818,4437,10726,9615,5049.0,11765.0,7029.0,398.0,1903.0,1337.0,1647.0,5041.0,3395.0,1901.0,4671.0,3884.0,2804.0,7018.0,5383.0,2432,4977,4877
POINT (-73.98219706247882 40.771813403011905),37,37,Manhattan,Broadway,West 63rd Street,West 64th Street,Y,1611.0,6764.0,4592.0,1805.0,5674.0,4111.0,1293.0,6024.0,5804.0,2616.0,8454.0,5178.0,1620,2654,5207,2718.0,6600.0,4236.0,1988,8750,5390,2447,9057,6147,1999,8878,5799,1687,7388,4793,2086,4690,8376,1881,8696,6809,1986,9375,6034,2577,9566,7064,1775,7707,5919,2686,7916,4462,1870,8996,7676,3950,11244,7146,2789,8673,5003,2338,8574,5944,1962,6832,5446,2091,9305,4663,2059,6194,6037,2122,7773,5259,1696.0,6864.0,4907.0,280.0,694.0,3555.0,1233.0,4932.0,3445.0,1899.0,5745.0,4966.0,1977.0,6730.0,4752.0,2096,7096,5391
POINT (-73.97713579908014 40.779680827631374),39,39,Manhattan,Columbus Avenue,West 75th Street,West 76th Street,N,1071.0,3037.0,3500.0,1189.0,2748.0,2523.0,895.0,2385.0,3910.0,1172.0,3306.0,3171.0,1041,1761,3084,2248.0,4408.0,2629.0,1507,3464,3633,1632,3907,3407,1520,4024,4157,1497,3598,2442,1603,2283,3703,1601,3898,4216,1676,4358,4968,1646,3998,4070,1451,4420,4246,1633,3272,3271,1218,4604,6597,2387,8626,3766,1892,4594,4162,1852,3277,4522,1558,3627,2690,1592,3626,2977,1524,3905,3780,1756,3794,2451,,,,706.0,1319.0,2407.0,867.0,3049.0,1873.0,1380.0,3121.0,2846.0,1300.0,3205.0,2756.0,1412,3425,3114
POINT (-73.98936305063111 40.71898935935359),40,40,Manhattan,Delancey Street,Orchard Street,Ludlow Street,Y,1085.0,2733.0,2529.0,1433.0,4104.0,2701.0,1015.0,2947.0,2718.0,958.0,2218.0,1635.0,869,1680,1378,1664.0,4708.0,2233.0,940,2702,2093,1396,2912,1861,1036,2741,2119,969,2606,1592,1451,2495,2514,1616,4262,3385,1472,4415,3776,1594,4278,2951,1558,4792,2809,1636,4480,2626,1357,4543,3367,1557,4809,1973,1746,5086,3197,1847,4847,3032,1647,4534,3295,1634,3238,2420,1851,4772,3249,1629,4010,3034,1704.0,4692.0,3351.0,318.0,832.0,1499.0,775.0,2652.0,2390.0,1269.0,3643.0,2764.0,1151.0,3285.0,2617.0,1220,3975,3264
POINT (-73.99265748471083 40.73559926423828),41,41,Manhattan,East 14th Street,Fifth Avenue,University Place,Y,2265.0,13723.0,4761.0,2084.0,13965.0,5004.0,3000.0,11119.0,10041.0,2682.0,14451.0,7391.0,2946,17128,7151,3135.0,15654.0,7300.0,2480,13830,6559,2952,14895,6008,2726,18830,9130,2803,16102,7005,2607,8641,8997,2730,13560,8102,3034,17519,8918,2930,14597,7377,3029,12888,8876,3248,14486,6765,3462,13830,9616,3868,15862,6103,3017,14947,7465,3979,16487,6253,3303,18021,10204,4251,19584,5078,2601,14123,6924,2973,11932,6408,1704.0,4692.0,7036.0,1045.0,4787.0,4543.0,1443.0,7443.0,3474.0,2181.0,8440.0,5148.0,2241.0,8784.0,4765.0,2435,10237,5805
POINT (-73.97514418621735 40.7613536109118),45,45,Manhattan,Fifth Avenue,East 54th Street,East 55th Street,Y,3081.0,16471.0,13891.0,3432.0,23840.0,11707.0,3974.0,25732.0,18273.0,4089.0,20929.0,16307.0,3385,20508,10507,8483.0,22495.0,11485.0,4013,18701,12727,3771,24601,12752,3285,26106,12370,3968,18993,15946,3189,14533,13555,3472,22800,14405,3858,20485,15398,3951,20202,14353,3616,20639,16089,3980,20528,15513,4113,26831,12417,3637,20999,11320,4443,22351,12712,4360,22274,12247,6445,23214,11394,2985,19551,11576,6266,23182,16299,3689,18048,16022,3892.0,16971.0,10229.0,1085.0,3180.0,2704.0,1669.0,8766.0,4615.0,1966.0,8098.0,6927.0,3139.0,12370.0,8790.0,3142,ND,10967
POINT (-73.99451531515767 40.71493552371377),46,46,Manhattan,Forsyth Street,Canal Street,Division Street,N,1373.0,7481.0,4703.0,1290.0,3506.0,3583.0,1190.0,4763.0,4504.0,1598.0,5879.0,5347.0,1269,5187,4981,2184.0,6998.0,3800.0,1353,5832,4961,2660,4606,3443,1150,5796,3298,1217,5186,2888,1153,3570,4359,1537,5951,4342,1586,4688,3965,1671,4954,3869,1552,5110,3810,1517,5461,3043,1297,6222,3029,1451,5129,2811,1258,4788,3174,1334,4059,2994,1391,6610,4469,1336,3305,2866,1509,6451,4437,1378,5535,3962,,,,551.0,1578.0,1929.0,684.0,2523.0,2255.0,844.0,2607.0,1880.0,1011.0,2462.0,2152.0,1013,2465,2741
POINT (-74.0084036486757 40.710553767460766),47,47,Manhattan,Fulton Street,Broadway,Nassau Street,Y,4530.0,9162.0,2495.0,3446.0,5498.0,1835.0,4614.0,9415.0,3553.0,5041.0,9322.0,2043.0,5539,8901,2464,2544.0,6708.0,2847.0,3922,7398,2319,4280,8945,4578,3881,7535,3855,4137,10248,4274,4192,6091,3172,4635,9180,3327,4543,8727,3473,4216,7922,3202,3425,7732,2698,3457,7212,1856,3595,8002,2259,4127,7037,2706,3460,8459,3542,4039,6740,3425,4637,9223,4792,3625,6414,3704,3191,6681,4242,3566,7838,4297,3712.0,7632.0,3569.0,1284.0,3050.0,2051.0,1869.0,5016.0,2536.0,2159.0,4357.0,2634.0,3055.0,6634.0,3443.0,2416,3954,4131
POINT (-74.00451806937401 40.70806272095774),48,48,Manhattan,Fulton Street,Cliff Street,Pearl Street,N,2593.0,6755.0,3167.0,1902.0,5113.0,2637.0,2112.0,8540.0,4686.0,2596.0,7309.0,2888.0,3544,7324,2992,2098.0,5479.0,2685.0,1982,6308,2593,2647,7119,2502,2633,8206,5151,2091,5561,3650,2611,4285,3775,2760,7767,3652,2887,7392,4899,2732,5578,3251,2466,5850,2506,2963,7062,2510,2584,5436,3590,3251,5359,3257,3207,9604,3429,2894,7597,3555,1977,4998,4729,2846,7266,2938,2610,6366,2705,2940,6723,4325,,,,733.0,1631.0,,1041.0,4049.0,2207.0,1430.0,3427.0,2018.0,1705.0,4818.0,2502.0,1747,4847,3254
POINT (-73.96888735867235 40.761264607952285),49,49,Manhattan,Lexington Avenue,East 57th Street,East 58th Street,Y,4502.0,21634.0,5687.0,4251.0,11296.0,5302.0,4034.0,20893.0,6619.0,4231.0,11009.0,5962.0,4122,8661,5705,3272.0,10679.0,4786.0,4123,11641,4676,5082,11880,4208,3742,12143,5814,3908,11014,4528,4678,8412,4332,4587,12345,4900,4138,12682,5924,4566,11639,5661,3800,14129,5956,4298,11716,5628,3205,8111,5894,5870,18125,3484,4931,12301,4583,4625,12007,4892,4489,12400,3894,4656,10732,4176,4218,9699,4155,3887,10451,3828,4483.0,10685.0,3991.0,1490.0,3093.0,2031.0,2293.0,5427.0,1853.0,3158.0,6341.0,2980.0,3350.0,7242.0,3203.0,3352,7207,3646
POINT (-73.96568512678532 40.77144062263457),50,50,Manhattan,Madison Avenue,East 71st Street,East 72nd Street,N,667.0,3760.0,3090.0,680.0,3204.0,2495.0,571.0,4254.0,3073.0,1014.0,2687.0,4099.0,677,1726,2088,635.0,3250.0,1817.0,706,2918,2830,832,3114,2340,712,3602,2895,611,2998,2159,837,2238,2492,966,3899,3283,729,3183,3102,858,3034,2455,722,3912,2633,739,2983,1630,760,3247,760,2235,7220,2690,718,2988,2480,2142,6911,2160,624,2681,2185,786,2495,1711,770,3779,1863,837,3191,1510,,,,530.0,1451.0,1326.0,591.0,2316.0,1408.0,0.0,0.0,0.0,742.0,2692.0,2057.0,792,2281,2846
POINT (-74.01098647762808 40.70733537559067),53,53,Manhattan,Wall Street,New Street,Nassau Street,Y,3784.0,5560.0,2733.0,8065.0,14469.0,8295.0,6842.0,11264.0,4814.0,7476.0,15167.0,4035.0,6149,9608,4402,3506.0,12635.0,5695.0,6247,12186,3755,6885,14303,4636,6485,13176,5906,6219,13724,6742,6004,7844,6167,6733,11023,5284,5354,11111,5430,5405,10140,5763,6072,10741,5827,7981,11310,4959,5681,10717,5430,6547,9135,6261,6759,14575,5836,6445,11300,6516,5733,10277,5651,5792,10494,6854,4643,10661,4623,4560,9628,5572,5453.0,9823.0,5141.0,,,,2253.0,4265.0,2048.0,2939.0,5154.0,2849.0,3530.0,7325.0,4243.0,3644,6021,4247
POINT (-73.98335689692979 40.75284360634036),58,58,Manhattan,West 40th Street,Avenue of the Americas,Fifth Avenue,Y,5454.0,11571.0,2639.0,5284.0,11208.0,2606.0,6019.0,10301.0,2175.0,6258.0,8616.0,2905.0,5064,10654,1664,6160.0,13985.0,2136.0,6479,11224,2868,7467,12457,2417,5540,11750,2943,6362,11933,1973,8340,8884,2616,7269,14127,3055,5930,12133,2321,6499,12234,3167,6020,12837,1693,7673,14418,2779,7085,13064,2413,6415,13370,2258,7257,20533,3407,6089,13479,2753,5923,11981,3672,7553,16774,3818,7334,16566,2921,7971,14682,3718,6275.0,13456.0,2734.0,1214.0,2049.0,1252.0,2136.0,3908.0,1660.0,2731.0,6873.0,2402.0,3830.0,9637.0,3431.0,3984,8986,2885
POINT (-73.97213382742112 40.75681083516387),62,62,Manhattan,Lexington Avenue,50th Street,51st Street,N,5730.0,10557.0,4805.0,5124.0,10010.0,2600.0,5659.0,12883.0,2968.0,6153.0,20071.0,3229.0,3614,7280,3131,4243.0,9235.0,2768.0,5812,12143,2781,4941,6260,2481,6003,12261,2708,4610,9722,3331,5610,7253,3075,6127,11630,3781,4876,9020,3524,6174,11573,3613,6038,13374,4716,7870,13083,3056,7312,13958,3041,5822,11681,2816,3851,10651,3776,4532,10213,2900,6508,12931,3247,5614,9926,2480,5786,13307,3289,5127,10525,2743,,,,860.0,1217.0,831.0,2040.0,2862.0,1550.0,2806.0,4888.0,1932.0,4223.0,7193.0,2060.0,3690,7378,2345
POINT (-73.97385284104773 40.75753624831214),63,63,Manhattan,Park Avenue,50th Street,51st Street,Y,6824.0,10653.0,2025.0,7868.0,12535.0,1137.0,5201.0,10800.0,1113.0,6059.0,18973.0,1460.0,4068,8087,1464,5358.0,10971.0,1560.0,5342,10497,1471,4100,10317,1538,5118,9773,1598,6862,9879,1985,5774,6601,1378,6951,13358,2125,6103,10628,1534,6458,11376,2239,6896,12018,1897,4229,8301,1001,7063,10745,1730,6279,11439,1405,4639,10165,1969,6021,9465,1811,7630,13654,1362,5576,10725,895,5166,9687,1209,5194,10011,1328,6202.0,10611.0,1111.0,835.0,1224.0,643.0,1587.0,2947.0,729.0,2855.0,4556.0,888.0,4136.0,7595.0,1064.0,4032,7409,1378
POINT (-73.97536263666144 40.7581734308352),64,64,Manhattan,Madison Avenue,50th Street,51st Street,N,4204.0,9307.0,3297.0,3997.0,9188.0,2239.0,2407.0,5634.0,2144.0,3139.0,8742.0,1643.0,2498,7990,2281,4161.0,9773.0,4224.0,3589,9460,2104,2451,6184,2054,3694,8962,2678,3582,8710,4161,3903,6394,2539,3810,9559,2740,3806,9398,2004,4026,11649,2676,3943,8762,2568,3999,9766,1974,3422,10220,2685,4049,10719,1974,4156,9431,2556,3384,9498,2059,3733,10241,2080,4032,9340,1479,3510,9823,2362,4203,10063,2649,,,,793.0,1440.0,868.0,1381.0,3195.0,1050.0,1920.0,3983.0,1314.0,2967.0,5806.0,1884.0,3051,6359,2074
POINT (-73.97697246269053 40.75885135958745),65,65,Manhattan,Fifth Avenue,50th Street,51st Street,N,5565.0,18855.0,12954.0,4759.0,14718.0,11866.0,5685.0,28077.0,16851.0,5006.0,20879.0,14623.0,3770,25268,11494,5019.0,20562.0,11446.0,4360,28429,10440,3503,16915,13044,4424,24803,11311,5211,18865,13084,3886,16819,12325,4642,25523,16286,4375,20567,13542,5217,20548,11730,4757,22388,16189,3900,16284,10995,5111,23968,17081,3311,12523,10262,5069,23382,15398,6371,20399,14273,3869,17620,14224,5221,22146,15522,3426,15500,10479,5498,25452,13558,,,,750.0,2764.0,4004.0,1368.0,6021.0,6181.0,2170.0,10583.0,9139.0,3387.0,16673.0,12336.0,3400,9090,14168
POINT (-73.98383919698608 40.76174395517827),68,68,Manhattan,Broadway,50th Street,51st Street,Y,3651.0,11214.0,9134.0,4158.0,12401.0,9352.0,2973.0,11426.0,7308.0,4316.0,14026.0,8443.0,3151,8475,6386,3934.0,11771.0,8480.0,3893,12065,5874,4222,13896,6784,3883,13185,5734,3680,11856,5699,3337,9640,7974,5221,13664,7514,3744,13639,9366,3841,13493,7740,3763,16899,7208,3693,9794,6292,3711,15263,7523,5050,13880,7486,4761,16986,7928,5458,15559,7641,4902,16330,6214,6000,17338,9274,2987,10248,7929,4564,14546,6917,3885.0,15193.0,7587.0,697.0,1823.0,1366.0,1284.0,4800.0,2585.0,2015.0,6078.0,4380.0,3065.0,12216.0,7095.0,2872,10477,6349
POINT (-73.89225364571111 40.74891155301485),72,72,Queens,37th Avenue,73rd Street,74th Street,Y,1002.0,4106.0,3142.0,1159.0,4398.0,3500.0,1058.0,4594.0,3367.0,1592.0,5184.0,3561.0,1236,4575,2782,988.0,3551.0,2574.0,1113,4116,2710,1361,4279,3412,1406,5929,3648,1410,5977,2618,1244,3408,3457,918,4761,3605,1210,3556,3188,1349,5683,3742,1347,4926,2877,1720,5356,2660,1215,4757,2564,1193,5667,2780,1258,5240,2319,1332,4646,2305,1256,4618,2495,1378,4375,2787,1242,4233,2949,1341,4960,2985,681.0,4187.0,3023.0,532.0,3816.0,2519.0,613.0,4621.0,2525.0,1166.0,4994.0,3348.0,1119.0,4480.0,3022.0,955,3516,3207
POINT (-73.84534157919526 40.72036574481485),74,74,Queens,Austin Street,71st Ave,70th Road,Y,622.0,4356.0,2227.0,514.0,3127.0,2891.0,1585.0,4355.0,2433.0,705.0,4216.0,2469.0,729,4351,2420,728.0,4407.0,2891.0,657,4232,2388,799,4039,3631,657,3971,4326,768,4435,3200,940,2985,3954,834,4530,4376,995,5334,5522,1166,5008,4238,787,4128,3621,840,4566,3357,1037,5267,4120,669,3653,3956,871,5007,3938,902,3818,3199,787,5835,4623,866,4765,2387,700,4454,4273,830,4906,2908,770.0,5059.0,3635.0,439.0,3174.0,2269.0,722.0,4396.0,2219.0,955.0,3451.0,3204.0,898.0,4340.0,2785.0,807,3516,3424
POINT (-73.89530306861195 40.70287665998953),76,76,Queens,Fresh Pond Road,Cypress Hills Street,70th Avenue,N,467.0,954.0,649.0,541.0,965.0,565.0,413.0,980.0,414.0,530.0,1028.0,463.0,511,827,447,484.0,875.0,514.0,429,919,636,509,911,590,444,1007,644,286,755,747,455,197,1241,482,799,603,426,918,607,442,1008,555,349,787,380,535,805,531,302,1017,425,662,975,643,515,661,385,531,668,346,499,559,391,371,491,376,176,311,191,151,254,195,,,,234.0,829.0,563.0,273.0,824.0,385.0,422.0,680.0,517.0,375.0,798.0,619.0,370,657,599
POINT (-73.79247827489311 40.71091966309366),77,77,Queens,Hillside Avenue,169th Street,170th Street,Y,1693.0,3280.0,2006.0,1429.0,2988.0,2165.0,836.0,3442.0,1693.0,923.0,3784.0,1553.0,799,3564,1854,826.0,3811.0,2184.0,889,3747,2154,977,3997,1710,991,3977,2348,1069,3531,1453,902,1904,2388,1063,3427,1615,1211,2973,1509,930,3392,1943,1314,4635,1970,668,3240,1791,824,3709,1899,982,4146,1805,988,3577,1712,959,3719,1668,824,3545,2480,1131,1691,1146,1015,2556,2657,1221,2820,2032,936.0,2520.0,1537.0,417.0,2194.0,1415.0,519.0,2334.0,1271.0,728.0,2477.0,1249.0,761.0,2522.0,1296.0,872,2443,1466
POINT (-73.93947115150922 40.74817129070962),78,78,Queens,Jackson Avenue,Queens Street,42nd Road,N,354.0,425.0,108.0,411.0,408.0,62.0,380.0,509.0,112.0,348.0,382.0,69.0,451,360,79,242.0,424.0,288.0,294,319,238,326,406,213,401,463,159,403,482,157,669,463,222,631,535,198,647,632,300,694,960,296,668,897,284,660,600,129,338,614,234,520,1081,264,526,1056,742,723,1211,326,707,999,758,818,959,522,884,1374,940,1009,1685,1473,,,,502.0,1150.0,857.0,794.0,1326.0,1141.0,942.0,1991.0,1372.0,915.0,2296.0,1718.0,743,1526,1788
POINT (-73.80593752065842 40.701822380718454),79,79,Queens,Jamaica Avenue,148th Street,149th Street,N,813.0,3336.0,2133.0,639.0,3384.0,2246.0,621.0,3020.0,2458.0,735.0,2789.0,1896.0,747,3443,2598,698.0,3324.0,1861.0,651,2492,2498,821,1942,2261,789,2601,2769,602,3152,2373,708,2150,2175,723,2766,2423,751,3245,2297,817,2821,2063,782,2766,2096,530,2948,1807,896,3321,2400,769,2291,2036,896,3171,2131,996,3328,1687,825,3599,1562,1625,3046,2379,887,3589,2486,900,2516,2302,,,,549.0,2132.0,1880.0,577.0,1612.0,1329.0,797.0,2527.0,1868.0,638.0,2332.0,687.0,613,2154,1613
POINT (-73.79726496612192 40.70450555044365),80,80,Queens,Jamaica Avenue,162nd Street,Guy R. Brewer Boulevard,Y,1390.0,11407.0,5326.0,1636.0,12671.0,5988.0,949.0,8011.0,7008.0,1259.0,9860.0,4666.0,1286,9724,4969,1149.0,10148.0,5407.0,1149,7372,8770,1350,7149,6271,1495,11961,7961,1363,13426,9834,1566,7315,8328,1414,9346,7293,1521,8935,5882,1430,7896,7105,1359,10063,7273,1465,10097,7681,1215,6715,4764,1697,8924,4798,1280,6167,5079,1326,6383,4747,1413,9075,5155,1228,10284,7037,1366,8544,7393,1591,8103,5962,1238.0,9483.0,5662.0,610.0,4129.0,4080.0,801.0,6364.0,2782.0,1072.0,5044.0,4613.0,893.0,5082.0,4166.0,989,4620,3804
POINT (-73.85779008961042 40.6925963247586),81,81,Queens,Jamaica Avenue,86th Street,87th Street,N,790.0,2313.0,1864.0,894.0,2188.0,1597.0,644.0,2007.0,1531.0,776.0,2158.0,1746.0,758,1892,1710,678.0,1987.0,1478.0,784,2486,1634,842,2367,1397,788,1758,1952,1095,2465,1537,704,1157,1320,912,1925,1295,867,2065,1690,835,1902,1643,1005,1914,1652,1036,1874,1224,1159,2138,1616,1352,2203,1312,1005,1845,1425,1234,1685,1420,1190,1616,1585,887,1287,1524,1582,2187,1296,1602,2317,1422,,,,497.0,1640.0,1082.0,454.0,1511.0,987.0,741.0,1549.0,1205.0,769.0,1770.0,1109.0,656,1587,1170
POINT (-73.8309343552709 40.76118578331917),82,82,Queens,Main Street,37th Avenue,38th Avenue,Y,1805.0,6685.0,8266.0,1560.0,5818.0,7615.0,1444.0,5548.0,8784.0,1316.0,4706.0,9169.0,1563,5406,5867,2008.0,7670.0,6584.0,1558,6559,7886,1942,7235,6510,1644,8323,7368,2031,6043,6721,2450,5932,4723,2581,7948,8447,2266,8751,8554,2169,7998,7097,2068,8045,6733,2291,8105,4731,2333,8040,5555,1977,8652,5557,2005,7775,6579,2524,8379,6689,2782,8993,8675,3807,11109,7963,2457,8309,8395,2520,8521,6662,2179.0,8440.0,6409.0,1117.0,4167.0,5160.0,1285.0,6262.0,4399.0,1545.0,5455.0,6156.0,2140.0,5318.0,4845.0,1708,5554,6312
POINT (-73.78539020907581 40.69769336243358),83,83,Queens,Merrick Boulevard,108th Drive,169th Place,N,63.0,149.0,57.0,70.0,108.0,80.0,98.0,207.0,76.0,54.0,87.0,94.0,26,105,63,32.0,132.0,75.0,62,149,86,163,310,79,163,335,305,189,368,189,87,132,119,83,139,130,162,220,178,112,387,166,89,232,134,150,267,176,90,202,76,84,165,89,68,231,95,93,177,105,74,195,44,97,171,115,54,61,54,124,201,115,,,,40.0,75.0,53.0,67.0,172.0,62.0,77.0,171.0,81.0,62.0,124.0,79.0,47,106,106
POINT (-73.75250126721374 40.604023385262565),84,84,Queens,Mott Avenue,Smith Place,Central Avenue,N,927.0,2468.0,1985.0,661.0,2785.0,2132.0,1362.0,2309.0,1208.0,891.0,2311.0,1734.0,735,1958,1850,892.0,1952.0,2222.0,727,1796,2056,868,1543,1736,820,1836,2116,1131,3664,1430,692,1338,2454,850,2119,1983,658,2003,2007,728,1629,1618,1451,3319,2154,1017,2827,2025,1084,2030,1150,730,1659,1574,729,1581,1554,942,1791,1580,851,2248,1745,813,1644,1614,655,1006,1034,754,1186,1153,,,,589.0,1608.0,1432.0,714.0,1851.0,1080.0,941.0,1882.0,1350.0,720.0,1695.0,1286.0,574,1733,1221
POINT (-73.91018834116497 40.69967093544051),85,85,Queens,Myrtle Avenue,Palmetto Street,Woodbine Street,Y,1245.0,5324.0,5741.0,1342.0,5867.0,5109.0,1358.0,6221.0,3214.0,1468.0,4978.0,3577.0,1316,5135,3101,1128.0,5053.0,3619.0,1238,4634,3218,1541,5641,2977,1296,5433,3383,1349,5349,3560,1397,3596,3082,1378,4588,3706,1389,4999,3702,1487,4681,3449,1322,4948,3167,1572,4351,3291,1481,3756,2562,1328,2141,2505,1346,4035,2505,1350,4110,2605,1458,4242,2709,1271,3736,2391,1565,3514,2133,1461,2978,2106,990.0,4008.0,2479.0,658.0,2884.0,2439.0,627.0,2366.0,2483.0,1049.0,3287.0,2793.0,964.0,3777.0,2486.0,1077,3363,2411
POINT (-73.90192709081789 40.70048761323585),86,86,Queens,Myrtle Avenue,Weirfield Street,Centre Street,N,426.0,3161.0,3816.0,308.0,2797.0,5540.0,366.0,2892.0,2139.0,354.0,2980.0,2517.0,393,2719,2404,393.0,3305.0,2032.0,586,3877,3738,389,3363,2345,330,3107,2470,407,2949,2507,499,1704,2747,438,2654,3476,406,3181,2886,414,2953,3020,454,3287,3050,522,2789,2535,1139,2415,2466,1046,1948,2672,868,2668,1297,934,2761,1470,936,2820,2164,880,2624,1311,1286,1796,1083,1381,1922,1232,,,,256.0,1835.0,1658.0,325.0,2198.0,1621.0,444.0,1866.0,1843.0,422.0,2280.0,2063.0,376,1483,1908
POINT (-73.80439743099372 40.76247070217481),87,87,Queens,Northern Boulevard,50' East of 161st Street,,N,302.0,706.0,596.0,306.0,912.0,545.0,174.0,556.0,456.0,254.0,540.0,440.0,104,511,304,114.0,672.0,421.0,258,692,614,234,816,462,314,1145,628,388,860,756,203,522,116,236,567,327,280,888,609,299,1030,571,243,947,562,307,965,415,306,946,640,301,1020,732,274,1145,850,357,725,594,288,1330,721,283,1245,659,278,1029,726,275,1027,619,,,,150.0,667.0,376.0,175.0,577.0,329.0,170.0,549.0,486.0,203.0,582.0,455.0,213,473,467
POINT (-73.83274555228842 40.760532540691116),88,88,Queens,Prince Street,37th Avenue,38th Avenue,N,368.0,1048.0,1051.0,339.0,1011.0,1102.0,358.0,995.0,643.0,296.0,1060.0,1361.0,208,1007,856,256.0,1169.0,1164.0,278,913,1222,316,831,1065,252,1130,1319,255,835,1419,242,760,1208,312,1058,1630,293,1210,1442,296,1256,1435,271,1360,1509,372,1630,1277,459,2163,1694,376,1506,1676,330,1881,1610,358,1985,2005,349,1899,1753,347,2299,1754,354,1768,1977,326,2110,1999,,,,196.0,858.0,1101.0,173.0,1623.0,1131.0,227.0,1725.0,1771.0,270.0,2338.0,2369.0,245,1571,1804
POINT (-73.82971390855914 40.713719487169804),89,89,Queens,Queens Boulevard,50' East of 80th Road,,N,6569.0,9070.0,2703.0,6876.0,8687.0,2452.0,3220.0,5656.0,1495.0,2356.0,4746.0,2273.0,1661,4302,954,1786.0,4323.0,1119.0,1769,5062,1212,2286,6977,1170,2415,4837,1033,2989,4926,1131,1634,2729,1071,1574,1904,1188,2080,4468,1178,1537,2337,1234,1626,2337,791,1704,2503,648,1824,2704,821,1947,2509,586,1561,2338,754,1799,2061,576,1695,2496,788,1368,1840,682,1682,2433,941,1473,2429,626,,,,549.0,998.0,452.0,710.0,1148.0,476.0,901.0,1371.0,634.0,931.0,1344.0,554.0,1002,1399,496
POINT (-73.8713031803217 40.73382228902959),90,90,Queens,Queens Boulevard,Woodhaven Boulevard,90th Street,N,434.0,2645.0,1790.0,395.0,2795.0,2180.0,481.0,3236.0,2362.0,612.0,2631.0,2014.0,368,2527,2591,322.0,3210.0,3145.0,365,2593,2092,492,2493,2529,356,2350,1985,444,2741,2811,1063,2576,2171,539,2286,2181,382,2419,2121,426,2290,2182,383,2269,2169,425,2108,1656,331,1889,1745,436,2035,1890,388,2028,1632,455,1881,1744,422,2045,1584,1066,1950,1957,452,2231,1810,469,1693,1602,,,,533.0,1871.0,1147.0,611.0,2173.0,1624.0,519.0,954.0,1631.0,400.0,1761.0,1859.0,447,1601,1398
POINT (-73.82818894237838 40.76005352048367),92,92,Queens,Roosevelt Avenue,Main Street,Union Street,N,7893.0,10566.0,4690.0,9198.0,12958.0,5163.0,3211.0,13346.0,7747.0,9044.0,13012.0,7078.0,9175,13802,8087,8688.0,15500.0,9745.0,10891,14219,7738,9123,14574,7311,9253,12881,8963,10759,14081,9210,3439,8189,7573,4331,13446,10237,4380,9307,6221,3491,12451,8076,3029,13480,7503,3955,12683,7966,4236,14272,8461,3759,12940,8029,3485,12573,7617,3749,11927,8070,3516,11835,7373,3415,12440,8216,3266,12760,7344,3462,12321,7303,,,,3142.0,9956.0,,2360.0,10101.0,5851.0,4588.0,10098.0,6610.0,2199.0,11794.0,8187.0,3115,9664,7551
POINT (-73.91804029865675 40.7601549795259),93,93,Queens,Steinway Street,31st Avenue,Broadway,N,1115.0,6495.0,4356.0,1127.0,5199.0,4348.0,1230.0,6034.0,4652.0,1127.0,5360.0,3893.0,995,5290,5311,1113.0,5796.0,3956.0,1026,5626,4956,1013,5506,3804,1124,5991,3917,1050,6733,3790,1120,4213,4488,1212,5692,4250,1160,5949,4499,1179,5489,3923,1102,5743,4660,1096,5493,3644,951,5907,4299,1020,4615,3609,1081,5044,3570,1047,4622,3362,964,4891,3270,1054,4770,3428,1186,5810,3853,1089,4367,3582,,,,481.0,3688.0,2412.0,543.0,3831.0,2656.0,777.0,3922.0,2672.0,677.0,4165.0,2979.0,826,3320,3087
POINT (-73.84840699076847 40.72272482164015),95,95,Queens,Yellowstone Boulevard,Queens Boulevard,Gerard Place,N,245.0,1272.0,776.0,242.0,1321.0,867.0,184.0,620.0,399.0,197.0,1444.0,333.0,195,564,344,188.0,540.0,381.0,263,652,431,225,671,426,258,1257,795,243,604,347,268,434,843,462,1080,1051,334,713,444,421,705,439,251,687,356,357,768,399,281,887,468,343,992,429,352,689,456,354,718,467,339,876,470,288,781,369,307,557,321,303,528,361,,,,188.0,338.0,177.0,348.0,689.0,228.0,242.0,448.0,241.0,277.0,477.0,190.0,316,500,210
POINT (-74.10857607699721 40.63017169829432),96,96,Staten Island,Forest Avenue,Regan Avenue,Davis Avenue,N,147.0,228.0,152.0,155.0,204.0,85.0,116.0,240.0,174.0,150.0,156.0,138.0,184,214,179,183.0,266.0,155.0,168,253,193,166,218,198,191,319,149,91,158,143,106,241,235,172,429,215,135,527,308,236,347,194,273,344,205,208,268,231,233,289,242,197,248,217,205,304,191,203,348,210,221,325,246,228,368,247,269,332,247,180,287,213,,,,124.0,293.0,196.0,89.0,292.0,99.0,167.0,295.0,137.0,113.0,314.0,214.0,108,167,173
POINT (-74.1108725293572 40.57107102644238),97,97,Staten Island,New Dorp Lane,Hylan Boulevard,Clawson Street,N,240.0,347.0,432.0,330.0,314.0,348.0,235.0,571.0,389.0,425.0,728.0,567.0,413,814,704,675.0,880.0,684.0,541,909,578,580,846,574,376,689,484,502,752,428,462,544,439,611,578,719,513,770,476,603,608,454,425,462,386,365,461,431,496,616,484,515,708,405,530,559,411,529,571,403,555,545,363,531,654,420,603,636,364,487,502,409,,,,55.0,238.0,264.0,95.0,240.0,345.0,533.0,485.0,408.0,344.0,538.0,473.0,412,590,649
POINT (-74.07740338696911 40.63793280712072),100,100,Staten Island,Victory Boulevard,Bay Street,Van Duzer Street,Y,715.0,1037.0,486.0,725.0,1176.0,503.0,925.0,1586.0,735.0,923.0,1157.0,556.0,752,1402,631,549.0,825.0,519.0,546,1397,939,699,1080,712,667,1215,514,396,716,489,587,838,678,619,1136,559,586,1119,600,875,1535,574,826,1186,729,771,1118,705,883,1099,618,936,1138,571,579,693,471,588,637,489,612,699,492,634,717,502,632,735,305,383,629,420,383.0,1139.0,522.0,,,,222.0,413.0,216.0,464.0,658.0,363.0,409.0,643.0,293.0,347,620,394
